,count,cost,chemical_substance_bnf_descr,year,month,price_per_unit
0,2844406.0,2273045.429990004,Methylphenidate hydrochloride,2014,01,0.7991283346997594
1,394587.0,235555.06646999996,Dexamfetamine sulfate,2014,01,0.5969661100593785
2,271285.0,587888.4137299979,Atomoxetine hydrochloride,2014,01,2.1670509380540683
3,22212.0,49307.490189999975,Lisdexamfetamine dimesylate,2014,01,2.2198581933189256
4,375422.0,217482.44812000002,Dexamfetamine sulfate,2014,02,0.579301287937308
5,2541938.0,2028324.2652700124,Methylphenidate hydrochloride,2014,02,0.7979440353265943
6,241539.0,521259.09252999973,Atomoxetine hydrochloride,2014,02,2.158074234512852
7,21663.0,48161.634139999995,Lisdexamfetamine dimesylate,2014,02,2.2232208899967683
8,2842642.0,2243890.739039985,Methylphenidate hydrochloride,2014,03,0.7893680382686195
9,265902.0,567230.9534100014,Atomoxetine hydrochloride,2014,03,2.133233121262726
10,27763.0,60780.63345,Lisdexamfetamine dimesylate,2014,03,2.189267494507078
11,397834.0,229828.05571999992,Dexamfetamine sulfate,2014,03,0.5776983760060727
12,2680664.0,2117452.878600015,Methylphenidate hydrochloride,2014,04,0.789898651453526
13,253088.0,540391.199719999,Atomoxetine hydrochloride,2014,04,2.135190920628394
14,402375.0,230324.72368000002,Dexamfetamine sulfate,2014,04,0.5724131063808637
15,29138.0,64097.86375000001,Lisdexamfetamine dimesylate,2014,04,2.1998031350813374
16,2851128.0,2217656.67152,Methylphenidate hydrochloride,2014,05,0.7778172960035467
17,269542.0,576734.8742199992,Atomoxetine hydrochloride,2014,05,2.1396846288148015
18,408010.0,260689.57530999978,Dexamfetamine sulfate,2014,05,0.6389293774907473
19,34389.0,75570.45109,Lisdexamfetamine dimesylate,2014,05,2.197518133414755
20,2881798.0,2283945.636649994,Methylphenidate hydrochloride,2014,06,0.7925418910867431
21,262710.0,561873.5552200003,Atomoxetine hydrochloride,2014,06,2.138759678809335
22,36349.0,80246.69731000006,Lisdexamfetamine dimesylate,2014,06,2.2076727643126377
23,401919.0,268746.1765,Dexamfetamine sulfate,2014,06,0.6686575566221055
24,2940702.0,2331272.9591400083,Methylphenidate hydrochloride,2014,07,0.7927606942628013
25,280396.0,599401.1444800016,Atomoxetine hydrochloride,2014,07,2.1376950615558057
26,40988.0,90825.58800000002,Lisdexamfetamine dimesylate,2014,07,2.215906801990827
27,427148.0,294898.50826999993,Dexamfetamine sulfate,2014,07,0.6903895330658225
28,39083.0,86676.54453999993,Lisdexamfetamine dimesylate,2014,08,2.217755662052553
29,2571409.0,2032449.8753200015,Methylphenidate hydrochloride,2014,08,0.7904031895820546
30,376435.0,268070.92727999995,Dexamfetamine sulfate,2014,08,0.7121307191945487
31,243840.0,522447.4075100017,Atomoxetine hydrochloride,2014,08,2.1425828720062405
32,383067.0,288257.26658999996,Dexamfetamine sulfate,2014,09,0.7524983007933337
33,2933336.0,2318451.4894399885,Methylphenidate hydrochloride,2014,09,0.7903804710541134
34,272036.0,581530.5866599979,Atomoxetine hydrochloride,2014,09,2.137697167507234
35,48280.0,107055.55582999992,Lisdexamfetamine dimesylate,2014,09,2.217389308823528
36,51594.0,114130.26327999994,Lisdexamfetamine dimesylate,2014,10,2.2120840268248236
37,3009476.0,2373854.1330800187,Methylphenidate hydrochloride,2014,10,0.7887931763137566
38,442341.0,317920.57486000017,Dexamfetamine sulfate,2014,10,0.7187228289034934
39,279741.0,597920.089569999,Atomoxetine hydrochloride,2014,10,2.1374059918638992
40,54570.0,120640.55227000004,Lisdexamfetamine dimesylate,2014,11,2.2107486214037024
41,253473.0,543053.6600900006,Atomoxetine hydrochloride,2014,11,2.142451701325193
42,2804995.0,2224426.2435100125,Methylphenidate hydrochloride,2014,11,0.7930232472820852
43,390397.0,287778.14006000006,Dexamfetamine sulfate,2014,11,0.7371422937676264
44,3070716.0,2439146.0109599945,Methylphenidate hydrochloride,2014,12,0.7943248450719619
45,289634.0,621108.9090200019,Atomoxetine hydrochloride,2014,12,2.1444613167653035
46,439042.5,326590.12486,Dexamfetamine sulfate,2014,12,0.7438690442497025
47,62224.0,137640.48804999999,Lisdexamfetamine dimesylate,2014,12,2.212016071772949
48,3012509.0,2387292.449779992,Methylphenidate hydrochloride,2015,01,0.7924598564784344
49,272430.0,585580.6950799997,Atomoxetine hydrochloride,2015,01,2.1494721399258516
50,419213.0,311663.6498,Dexamfetamine sulfate,2015,01,0.7434493915980659
51,63174.0,140175.29965999993,Lisdexamfetamine dimesylate,2015,01,2.2188764311267284
52,257511.0,554838.9484799993,Atomoxetine hydrochloride,2015,02,2.1546223209105606
53,2722366.0,2161701.72384998,Methylphenidate hydrochloride,2015,02,0.7940525718621156
54,59668.0,132584.9796299999,Lisdexamfetamine dimesylate,2015,02,2.2220449760340535
55,373421.0,274708.6327899998,Dexamfetamine sulfate,2015,02,0.7356539476622895
56,427958.0,319868.2408400001,Dexamfetamine sulfate,2015,03,0.7474290487384279
57,282723.0,608653.1720799989,Atomoxetine hydrochloride,2015,03,2.152825104713797
58,72824.0,161083.98198000007,Lisdexamfetamine dimesylate,2015,03,2.211962841645612
59,3067313.0,2445003.446019992,Methylphenidate hydrochloride,2015,03,0.7971157315930889
60,2971419.0,2356251.6339100143,Methylphenidate hydrochloride,2015,04,0.7929718541579004
61,71903.0,159441.86317999996,Lisdexamfetamine dimesylate,2015,04,2.2174577302755094
62,272002.0,587801.5232600018,Atomoxetine hydrochloride,2015,04,2.161019122138814
63,411449.0,312086.49417,Dexamfetamine sulfate,2015,04,0.7585059002938396
64,2976283.0,2355618.0267199976,Methylphenidate hydrochloride,2015,05,0.7914630519745595
65,272917.0,587181.1900099986,Atomoxetine hydrochloride,2015,05,2.151500969195758
66,401171.0,298917.5175399999,Dexamfetamine sulfate,2015,05,0.7451124770733675
67,75462.0,167233.43431,Lisdexamfetamine dimesylate,2015,05,2.216127777026848
68,3132700.0,2483681.9096700028,Methylphenidate hydrochloride,2015,06,0.7928246910556398
69,285709.0,618893.253050001,Atomoxetine hydrochloride,2015,06,2.1661664597545087
70,425268.0,325044.26807,Dexamfetamine sulfate,2015,06,0.7643280662311766
71,85109.0,189010.97024999995,Lisdexamfetamine dimesylate,2015,06,2.220810610511226
72,3171527.0,2510609.3902000054,Methylphenidate hydrochloride,2015,07,0.7916090230983389
73,299890.0,647114.0872699978,Atomoxetine hydrochloride,2015,07,2.157838164893787
74,88598.0,197085.71144999997,Lisdexamfetamine dimesylate,2015,07,2.224493910133411
75,422554.0,319148.99666999996,Dexamfetamine sulfate,2015,07,0.755285707081225
76,256309.0,555404.1173999992,Atomoxetine hydrochloride,2015,08,2.1669317792196106
77,2690335.0,2140173.7792900004,Methylphenidate hydrochloride,2015,08,0.7955045670111717
78,75795.0,169440.65210999994,Lisdexamfetamine dimesylate,2015,08,2.2355122647931913
79,386742.0,289133.00385000004,Dexamfetamine sulfate,2015,08,0.7476121131141692
80,291914.0,627136.3493099995,Atomoxetine hydrochloride,2015,09,2.1483599598169305
81,3137701.0,2482949.43385,Methylphenidate hydrochloride,2015,09,0.7913276101993147
82,417600.0,311237.49808,Dexamfetamine sulfate,2015,09,0.7453005222222222
83,92320.0,205074.71799,Lisdexamfetamine dimesylate,2015,09,2.2213465986785095
84,3111852.0,2479470.995910011,Methylphenidate hydrochloride,2015,10,0.7967830719166629
85,290217.0,625654.9241299983,Atomoxetine hydrochloride,2015,10,2.1558176265690787
86,97472.0,216812.52848000004,Lisdexamfetamine dimesylate,2015,10,2.2243570305318454
87,426621.0,323514.81628,Dexamfetamine sulfate,2015,10,0.7583190144882695
88,101118.0,224715.89964000008,Lisdexamfetamine dimesylate,2015,11,2.2223135311220563
89,286783.0,604502.6997799986,Atomoxetine hydrochloride,2015,11,2.1078749430056822
90,3016986.0,2412480.3718199832,Methylphenidate hydrochloride,2015,11,0.7996326041353798
91,404138.0,301982.16531,Dexamfetamine sulfate,2015,11,0.7472253668548863
92,3275182.0,2635346.451569982,Methylphenidate hydrochloride,2015,12,0.8046412234709344
93,112382.0,249162.56509999992,Lisdexamfetamine dimesylate,2015,12,2.2171038520403616
94,314169.0,668103.4604099984,Atomoxetine hydrochloride,2015,12,2.1265734697248884
95,433506.0,328839.15901999985,Dexamfetamine sulfate,2015,12,0.758557341813031
96,295154.0,616298.6794599987,Atomoxetine hydrochloride,2016,01,2.088058028893387
97,3056548.0,2437701.7389100194,Methylphenidate hydrochloride,2016,01,0.797534257243799
98,399996.0,300770.29102,Dexamfetamine sulfate,2016,01,0.7519332468824689
99,108593.0,241745.05440999952,Lisdexamfetamine dimesylate,2016,01,2.226156883132426
100,2986540.0,2399641.016019991,Methylphenidate hydrochloride,2016,02,0.8034853094282987
101,279988.0,595718.9164699995,Atomoxetine hydrochloride,2016,02,2.127658744196178
102,385331.0,298512.78712,Dexamfetamine sulfate,2016,02,0.7746918548468719
103,113614.0,253458.9865100001,Lisdexamfetamine dimesylate,2016,02,2.2308781181016433
104,112.0,209.71034000000003,Guanfacine,2016,02,1.8724137500000002
105,3152427.0,2540319.1788200024,Methylphenidate hydrochloride,2016,03,0.8058296603918195
106,307159.0,638907.9381600019,Atomoxetine hydrochloride,2016,03,2.080056056179379
107,123801.0,275252.3673900005,Lisdexamfetamine dimesylate,2016,03,2.2233452669203033
108,397381.0,316797.67380999995,Dexamfetamine sulfate,2016,03,0.7972139428155849
109,996.0,1917.4377800000002,Guanfacine,2016,03,1.9251383333333336
110,310565.0,651471.0696500011,Atomoxetine hydrochloride,2016,04,2.09769635873328
111,3207589.0,2578586.7174799917,Methylphenidate hydrochloride,2016,04,0.8039018457414562
112,129544.0,288192.2752300003,Lisdexamfetamine dimesylate,2016,04,2.2246671033008116
113,396534.0,321428.5659,Dexamfetamine sulfate,2016,04,0.8105952223516772
114,1833.0,3566.4364499999997,Guanfacine,2016,04,1.9456827332242224
115,3171963.0,2559855.6891699797,Methylphenidate hydrochloride,2016,05,0.8070257090546074
116,132986.0,296658.5481399994,Lisdexamfetamine dimesylate,2016,05,2.230750215361011
117,308092.0,543254.3209800007,Atomoxetine hydrochloride,2016,05,1.7632860346260228
118,393547.0,312078.3006500001,Dexamfetamine sulfate,2016,05,0.7929886408738984
119,3351.0,6712.7266500000005,Guanfacine,2016,05,2.00320102954342
120,3265126.0,2630322.186069995,Methylphenidate hydrochloride,2016,06,0.8055806073241876
121,319585.0,558225.198690002,Atomoxetine hydrochloride,2016,06,1.7467190221380915
122,139262.0,310031.81055000005,Lisdexamfetamine dimesylate,2016,06,2.226248442145022
123,389924.5,311301.6299799997,Dexamfetamine sulfate,2016,06,0.7983638626964955
124,3619.0,7309.62775,Guanfacine,2016,06,2.019792138712351
125,139534.0,311248.88588999986,Lisdexamfetamine dimesylate,2016,07,2.2306311428755707
126,3144487.0,2551705.564089991,Methylphenidate hydrochloride,2016,07,0.8114854868504755
127,398566.0,315445.5619,Dexamfetamine sulfate,2016,07,0.7914512575081667
128,317558.0,552334.8442199992,Atomoxetine hydrochloride,2016,07,1.7393195706611049
129,4364.0,8766.385629999999,Guanfacine,2016,07,2.008795973877177
130,2921191.0,2352472.4270999925,Methylphenidate hydrochloride,2016,08,0.8053127738309451
131,132878.0,296504.1776999995,Lisdexamfetamine dimesylate,2016,08,2.2314015691085016
132,299004.0,521864.8672100017,Atomoxetine hydrochloride,2016,08,1.745344099777935
133,393707.0,324653.07520000014,Dexamfetamine sulfate,2016,08,0.8246057987284964
134,4683.0,9460.34463,Guanfacine,2016,08,2.020146194746957
135,3287276.0,2635358.9722699774,Methylphenidate hydrochloride,2016,09,0.8016847299314014
136,323257.0,564430.2338599991,Atomoxetine hydrochloride,2016,09,1.7460727342640658
137,155893.0,346999.8161399999,Lisdexamfetamine dimesylate,2016,09,2.2258845242570215
138,398592.0,322712.00166,Dexamfetamine sulfate,2016,09,0.8096299014029383
139,6615.0,13423.94943,Guanfacine,2016,09,2.029319641723356
140,3093981.0,2501097.1361499885,Methylphenidate hydrochloride,2016,10,0.8083750792748852
141,149074.0,331692.50986999966,Lisdexamfetamine dimesylate,2016,10,2.225019184230648
142,408051.0,318749.71442000003,Dexamfetamine sulfate,2016,10,0.7811516560920082
143,314601.0,532205.4157699996,Atomoxetine hydrochloride,2016,10,1.6916838019268838
144,6908.0,14014.060620000002,Guanfacine,2016,10,2.028671195715113
145,3249320.0,2629561.7403700068,Methylphenidate hydrochloride,2016,11,0.8092652433032163
146,163417.0,363251.00775000063,Lisdexamfetamine dimesylate,2016,11,2.2228471196387196
147,335986.0,566788.7045600004,Atomoxetine hydrochloride,2016,11,1.686941433750217
148,400949.0,315082.3299799999,Dexamfetamine sulfate,2016,11,0.7858414161900888
149,9056.0,18487.92128,Guanfacine,2016,11,2.04151074204947
150,3322971.0,2694817.7892299932,Methylphenidate hydrochloride,2016,12,0.8109663879793092
151,424608.0,331077.7168599997,Dexamfetamine sulfate,2016,12,0.7797255747889811
152,344981.0,577024.2458899987,Atomoxetine hydrochloride,2016,12,1.6726261617016553
153,170185.0,378532.63413999986,Lisdexamfetamine dimesylate,2016,12,2.2242420550577306
154,10167.0,20731.503280000004,Guanfacine,2016,12,2.039097401396676
155,3197142.0,2584201.0541400183,Methylphenidate hydrochloride,2017,01,0.8082847287170911
156,167061.0,370820.6670400002,Lisdexamfetamine dimesylate,2017,01,2.2196722576783343
157,334141.0,553855.4297100003,Atomoxetine hydrochloride,2017,01,1.6575500453700691
158,400562.0,309268.4185899999,Dexamfetamine sulfate,2017,01,0.7720862652722922
159,11148.0,22983.29696,Guanfacine,2017,01,2.0616520416218154
160,2939005.0,2401247.417190006,Methylphenidate hydrochloride,2017,02,0.8170273331246479
161,310132.0,516656.5695700002,Atomoxetine hydrochloride,2017,02,1.6659247338875067
162,379334.0,301126.9976100001,Dexamfetamine sulfate,2017,02,0.7938307602534971
163,161393.0,358908.0798500005,Lisdexamfetamine dimesylate,2017,02,2.223814414813533
164,11643.0,24379.931879999996,Guanfacine,2017,02,2.093956186549858
165,429420.0,339952.2298100001,Dexamfetamine sulfate,2017,03,0.7916543938568303
166,360849.0,596544.1361099998,Atomoxetine hydrochloride,2017,03,1.6531683227887561
167,3505301.0,2832079.0734399958,Methylphenidate hydrochloride,2017,03,0.8079417640425162
168,192469.0,427407.70019,Lisdexamfetamine dimesylate,2017,03,2.2206573535998007
169,14938.0,30969.347279999998,Guanfacine,2017,03,2.073192347034409
170,3034523.0,2461796.9173700036,Methylphenidate hydrochloride,2017,04,0.8112632256766561
171,170562.0,380003.75188,Lisdexamfetamine dimesylate,2017,04,2.2279508441505143
172,393568.0,306706.47082,Dexamfetamine sulfate,2017,04,0.7792972772684771
173,316250.0,519855.64595000155,Atomoxetine hydrochloride,2017,04,1.6438123192094911
174,13380.0,27999.218089999995,Guanfacine,2017,04,2.0926171965620326
175,351483.0,581707.1502799982,Atomoxetine hydrochloride,2017,05,1.6550079243661804
176,3357968.0,2712848.209529995,Methylphenidate hydrochloride,2017,05,0.8078838778481495
177,193178.0,428502.3974200005,Lisdexamfetamine dimesylate,2017,05,2.2181738987876494
178,399612.0,318062.6619199999,Dexamfetamine sulfate,2017,05,0.7959287056444749
179,17834.0,36764.240009999994,Guanfacine,2017,05,2.061469104519457
180,3412970.0,2769315.501140007,Methylphenidate hydrochloride,2017,06,0.811409271438075
181,419846.0,297686.44910999987,Dexamfetamine sulfate,2017,06,0.7090372401070866
182,356890.0,583574.4724799988,Atomoxetine hydrochloride,2017,06,1.6351662206282016
183,199313.0,441720.7684799995,Lisdexamfetamine dimesylate,2017,06,2.2162165462363195
184,19148.0,39391.29860000001,Guanfacine,2017,06,2.05720172341759
185,3266141.0,2644883.0088599958,Methylphenidate hydrochloride,2017,07,0.8097883737597353
186,357437.0,581544.971430001,Atomoxetine hydrochloride,2017,07,1.6269859343884403
187,196941.0,436613.6856200001,Lisdexamfetamine dimesylate,2017,07,2.2169770927333574
188,405935.0,289551.83594,Dexamfetamine sulfate,2017,07,0.7132960595661868
189,20563.0,42313.59611,Guanfacine,2017,07,2.05775402956767
190,3033036.0,2465022.505720002,Methylphenidate hydrochloride,2017,08,0.8127244469633733
191,333377.0,541079.5941399981,Atomoxetine hydrochloride,2017,08,1.6230261659922494
192,21269.0,43809.717399999994,Guanfacine,2017,08,2.059792063566693
193,419572.0,316419.09092000005,Dexamfetamine sulfate,2017,08,0.7541472999151517
194,186446.0,414487.7870599999,Lisdexamfetamine dimesylate,2017,08,2.223098307606491
195,3304042.0,2668659.2478400096,Methylphenidate hydrochloride,2017,09,0.8076953161733446
196,351095.0,563845.0119300018,Atomoxetine hydrochloride,2017,09,1.605961383471715
197,203013.0,449620.3089099991,Lisdexamfetamine dimesylate,2017,09,2.214736538596046
198,24202.0,49992.08004000001,Guanfacine,2017,09,2.065617719196761
199,403123.0,308409.4104100001,Dexamfetamine sulfate,2017,09,0.7650503950655262
200,3285916.0,2665743.088569995,Methylphenidate hydrochloride,2017,10,0.8112633093998736
201,24426.0,50201.05128999999,Guanfacine,2017,10,2.05523013551134
202,208576.0,462463.72112999985,Lisdexamfetamine dimesylate,2017,10,2.2172432165253904
203,345631.0,559715.0475800002,Atomoxetine hydrochloride,2017,10,1.6194005965321405
204,395427.0,302125.28806000005,Dexamfetamine sulfate,2017,10,0.7640482012103373
205,3371555.0,2681286.997019987,Methylphenidate hydrochloride,2017,11,0.795267168122717
206,358848.0,572623.9356499978,Atomoxetine hydrochloride,2017,11,1.5957283742698798
207,222067.0,491574.1483800012,Lisdexamfetamine dimesylate,2017,11,2.213629888186904
208,412255.0,314173.3312700002,Dexamfetamine sulfate,2017,11,0.7620849505039361
209,27183.0,55982.99250000001,Guanfacine,2017,11,2.0594854320715155
210,3313867.0,2648215.414059998,Methylphenidate hydrochloride,2017,12,0.7991314721019275
211,363689.0,576535.7155199981,Atomoxetine hydrochloride,2017,12,1.5852437536466544
212,407649.0,316991.6535000002,Dexamfetamine sulfate,2017,12,0.7776092999124251
213,220203.0,489138.425160001,Lisdexamfetamine dimesylate,2017,12,2.221306817618293
214,29167.0,59897.51581000001,Guanfacine,2017,12,2.0536056437069297
215,3401830.0,2698948.7590899803,Methylphenidate hydrochloride,2018,01,0.7933814326671175
216,32501.0,67241.24737,Guanfacine,2018,01,2.068897799144642
217,359874.0,585101.4764500008,Atomoxetine hydrochloride,2018,01,1.6258509268521781
218,227076.0,501543.42340999836,Lisdexamfetamine dimesylate,2018,01,2.2087029162482974
219,397090.0,323554.85553000006,Dexamfetamine sulfate,2018,01,0.814814917348712
220,330127.0,528809.6577900008,Atomoxetine hydrochloride,2018,02,1.6018370438952305
221,3065318.0,2442016.7882400015,Methylphenidate hydrochloride,2018,02,0.7966601795441783
222,208588.0,463136.8834200001,Lisdexamfetamine dimesylate,2018,02,2.2203428932632754
223,352915.0,281587.12703,Dexamfetamine sulfate,2018,02,0.7978893700466118
224,27996.0,57564.37365999999,Guanfacine,2018,02,2.0561642256036574
225,243806.0,539678.5227900011,Lisdexamfetamine dimesylate,2018,03,2.213557183949538
226,3430467.0,2726625.9222199717,Methylphenidate hydrochloride,2018,03,0.7948264543049013
227,370937.0,584227.8000300004,Atomoxetine hydrochloride,2018,03,1.5750054592289267
228,406950.0,321153.51024,Dexamfetamine sulfate,2018,03,0.7891719136011794
229,36148.0,74745.35096000001,Guanfacine,2018,03,2.067758962044927
230,3224794.0,2567599.073589997,Methylphenidate hydrochloride,2018,04,0.7962056099056241
231,348926.0,553080.6787000016,Atomoxetine hydrochloride,2018,04,1.5850944862234444
232,227836.0,505963.5977699998,Lisdexamfetamine dimesylate,2018,04,2.220735958189223
233,388940.0,312725.39730000007,Dexamfetamine sulfate,2018,04,0.8040453470972388
234,33208.0,68650.63507,Guanfacine,2018,04,2.0672920702842688
235,3466737.0,2758076.6512800073,Methylphenidate hydrochloride,2018,05,0.7955828928701564
236,366521.0,583412.4612500014,Atomoxetine hydrochloride,2018,05,1.5917572560644586
237,252727.0,559333.0591500017,Lisdexamfetamine dimesylate,2018,05,2.213190751878516
238,412443.0,334310.62564000004,Dexamfetamine sulfate,2018,05,0.8105620064833202
239,38518.0,79643.87703000002,Guanfacine,2018,05,2.0677054112363056
240,257166.0,568627.228869999,Lisdexamfetamine dimesylate,2018,06,2.2111291106522595
241,410874.0,334318.31534999976,Dexamfetamine sulfate,2018,06,0.8136760061478696
242,3458402.0,2734402.7945999987,Methylphenidate hydrochloride,2018,06,0.7906549888069688
243,378548.0,578769.9414300001,Atomoxetine hydrochloride,2018,06,1.528920880390334
244,39134.0,81363.61286,Guanfacine,2018,06,2.0791028992691776
245,3361432.0,2648661.507339983,Methylphenidate hydrochloride,2018,07,0.7879562958108279
246,41714.0,86689.45608,Guanfacine,2018,07,2.0781861264803183
247,257709.0,571721.3647799997,Lisdexamfetamine dimesylate,2018,07,2.218476517234554
248,372916.0,582587.1919799992,Atomoxetine hydrochloride,2018,07,1.5622477769256327
249,409685.0,331503.2648400001,Dexamfetamine sulfate,2018,07,0.8091662248800909
250,3158496.0,2489823.6799100037,Methylphenidate hydrochloride,2018,08,0.7882940741131234
251,370122.0,572343.8764700011,Atomoxetine hydrochloride,2018,08,1.5463654591459062
252,41543.0,86197.76926999998,Guanfacine,2018,08,2.074904779866644
253,255952.0,566800.57864,Lisdexamfetamine dimesylate,2018,08,2.21447997530787
254,403844.0,331690.7056900001,Dexamfetamine sulfate,2018,08,0.8213337469171267
255,42302.0,87300.47841000004,Guanfacine,2018,09,2.063743520637323
256,3292605.0,2571440.4793799915,Methylphenidate hydrochloride,2018,09,0.7809744805040361
257,355294.0,550582.657649999,Atomoxetine hydrochloride,2018,09,1.5496536886353247
258,262299.0,579331.9970800016,Lisdexamfetamine dimesylate,2018,09,2.208670246855694
259,370664.0,306208.5238299998,Dexamfetamine sulfate,2018,09,0.8261080758584588
260,3502352.0,2759393.527590002,Methylphenidate hydrochloride,2018,10,0.7878687029716036
261,410716.0,335604.8277200002,Dexamfetamine sulfate,2018,10,0.8171213873333403
262,48415.0,100638.73796999999,Guanfacine,2018,10,2.078668552514716
263,394357.0,605613.7028000009,Atomoxetine hydrochloride,2018,10,1.535699132511914
264,290033.0,640402.8843900003,Lisdexamfetamine dimesylate,2018,10,2.208034549137513
265,3481536.0,2720303.393229992,Methylphenidate hydrochloride,2018,11,0.7813515049765368
266,46914.0,97434.29831000004,Guanfacine,2018,11,2.076870407767405
267,298077.0,656953.8703199982,Lisdexamfetamine dimesylate,2018,11,2.2039737058545215
268,372570.0,578454.7207399997,Atomoxetine hydrochloride,2018,11,1.5526068141288876
269,399150.0,331599.67410999973,Dexamfetamine sulfate,2018,11,0.8307645599649248
270,3412431.0,2665120.603019986,Methylphenidate hydrochloride,2018,12,0.7810035142161075
271,297141.0,656398.9464500011,Lisdexamfetamine dimesylate,2018,12,2.2090487224920192
272,410694.0,333305.14182,Dexamfetamine sulfate,2018,12,0.8115656469780421
273,374021.0,578454.735000001,Atomoxetine hydrochloride,2018,12,1.5465835741843401
274,48853.0,101647.09924000001,Guanfacine,2018,12,2.0806726145784293
275,3504419.0,2720440.597090004,Methylphenidate hydrochloride,2019,01,0.776288622191012
276,314574.0,694805.8601199994,Lisdexamfetamine dimesylate,2019,01,2.208719920018817
277,389444.0,595035.8471099981,Atomoxetine hydrochloride,2019,01,1.5279111941896604
278,401526.0,335263.15735000017,Dexamfetamine sulfate,2019,01,0.8349724733890213
279,53863.0,112180.66136999996,Guanfacine,2019,01,2.0827035510461718
280,3203180.0,2493292.865290017,Methylphenidate hydrochloride,2019,02,0.7783805047765087
281,368357.0,307642.6779400001,Dexamfetamine sulfate,2019,02,0.8351753270332859
282,297386.0,655356.4789500001,Lisdexamfetamine dimesylate,2019,02,2.203723372821855
283,349420.0,536811.0205699994,Atomoxetine hydrochloride,2019,02,1.5362916277545628
284,50809.0,105737.31472,Guanfacine,2019,02,2.0810745088468576
285,3645983.0,2826335.206050002,Methylphenidate hydrochloride,2019,03,0.775191548081821
286,392364.0,325601.3449399999,Dexamfetamine sulfate,2019,03,0.829845105412321
287,344534.0,759163.8119299988,Lisdexamfetamine dimesylate,2019,03,2.2034510728404126
288,56867.0,118943.64656000001,Guanfacine,2019,03,2.0916110672270385
289,393522.0,601295.8584999995,Atomoxetine hydrochloride,2019,03,1.527985369305908
290,3408118.0,2643843.727440006,Methylphenidate hydrochloride,2019,04,0.7757488817699405
291,56320.0,117477.5601599999,Guanfacine,2019,04,2.085894178977271
292,354941.0,552966.7270799975,Atomoxetine hydrochloride,2019,04,1.5579116728695686
293,329469.0,726482.4205399997,Lisdexamfetamine dimesylate,2019,04,2.2050099418761695
294,402232.0,336956.49393999996,Dexamfetamine sulfate,2019,04,0.8377167752441376
295,3746830.0,2890553.753350019,Methylphenidate hydrochloride,2019,05,0.771466480558237
296,368493.0,811680.698609999,Lisdexamfetamine dimesylate,2019,05,2.202703168336981
297,408449.0,626960.2752499982,Atomoxetine hydrochloride,2019,05,1.5349781129345357
298,64758.0,135362.94413000008,Guanfacine,2019,05,2.090289140029032
299,421415.0,364288.1477500002,Dexamfetamine sulfate,2019,05,0.8644403918939767
300,360393.0,794655.1090399991,Lisdexamfetamine dimesylate,2019,06,2.204968212590142
301,3578746.0,2761407.8130099964,Methylphenidate hydrochloride,2019,06,0.7716132446980022
302,64121.0,133685.46283000003,Guanfacine,2019,06,2.084893604747275
303,381730.0,590848.1901399995,Atomoxetine hydrochloride,2019,06,1.5478170176302608
304,387335.0,332606.0802999999,Dexamfetamine sulfate,2019,06,0.8587039134082898
305,3556425.0,2755195.9849799904,Methylphenidate hydrochloride,2019,07,0.7747094301102907
306,368319.0,811800.8559699978,Lisdexamfetamine dimesylate,2019,07,2.2040699935925048
307,404963.0,352001.78356,Dexamfetamine sulfate,2019,07,0.8692196165081748
308,400658.0,604364.5001300015,Atomoxetine hydrochloride,2019,07,1.5084298831671936
309,69456.0,145331.66273999997,Guanfacine,2019,07,2.092427763476157
310,3455983.0,2664073.4233199866,Methylphenidate hydrochloride,2019,08,0.7708583703449892
311,371136.0,818808.4103700006,Lisdexamfetamine dimesylate,2019,08,2.2062220058684705
312,395686.0,595518.2475400004,Atomoxetine hydrochloride,2019,08,1.5050273386978572
313,426251.0,373706.4232900001,Dexamfetamine sulfate,2019,08,0.8767285549828625
314,68416.0,142715.91814,Guanfacine,2019,08,2.0860020775841908
315,3617858.0,2770276.256270002,Methylphenidate hydrochloride,2019,09,0.7657227719468266
316,68792.0,143515.63385999989,Guanfacine,2019,09,2.08622563466682
317,385865.0,849250.7725099972,Lisdexamfetamine dimesylate,2019,09,2.2009012802664074
318,395730.0,582513.9780800001,Atomoxetine hydrochloride,2019,09,1.471998529502439
319,395273.0,343685.9480899997,Dexamfetamine sulfate,2019,09,0.869490069116787
320,408414.0,363323.3884800002,Dexamfetamine sulfate,2019,10,0.8895958230618936
321,3789056.0,2892482.164759987,Methylphenidate hydrochloride,2019,10,0.7633780458140463
322,422118.0,610842.0020399987,Atomoxetine hydrochloride,2019,10,1.4470882597756993
323,422529.0,928284.3469400019,Lisdexamfetamine dimesylate,2019,10,2.1969719165785118
324,75281.0,157547.45666999993,Guanfacine,2019,10,2.0927917624633032
325,404032.0,894272.3583500014,Lisdexamfetamine dimesylate,2019,11,2.213370125014854
326,3685968.0,2833250.51054,Methylphenidate hydrochloride,2019,11,0.7686584665249401
327,394301.0,356247.5944300002,Dexamfetamine sulfate,2019,11,0.9034914809498332
328,74696.0,156748.8163600001,Guanfacine,2019,11,2.098490097997217
329,395878.0,571697.1543399995,Atomoxetine hydrochloride,2019,11,1.4441245897473451
330,3738138.0,2861220.4800200025,Methylphenidate hydrochloride,2019,12,0.7654132833030783
331,421188.0,933149.222060003,Lisdexamfetamine dimesylate,2019,12,2.2155171136404714
332,407491.0,369896.19252999977,Dexamfetamine sulfate,2019,12,0.9077407661273494
333,409602.0,587880.4886400001,Atomoxetine hydrochloride,2019,12,1.43524809117143
334,76995.0,161685.89870000014,Guanfacine,2019,12,2.099953226832913
335,3923798.0,3005740.1541800075,Methylphenidate hydrochloride,2020,01,0.7660282599104254
336,469933.0,1034933.4761999955,Lisdexamfetamine dimesylate,2020,01,2.202300064477267
337,89128.0,187162.89970000007,Guanfacine,2020,01,2.0999337997037975
338,436920.0,615723.7004800001,Atomoxetine hydrochloride,2020,01,1.409236703469743
339,420509.0,381431.9008600001,Dexamfetamine sulfate,2020,01,0.9070719077594062
340,3598651.0,2741339.397729998,Methylphenidate hydrochloride,2020,02,0.7617686176653412
341,427116.0,943065.3209099972,Lisdexamfetamine dimesylate,2020,02,2.20798406266681
342,387692.0,353425.9287999999,Dexamfetamine sulfate,2020,02,0.9116152223930333
343,393802.0,548885.5027800007,Atomoxetine hydrochloride,2020,02,1.3938108561662985
344,82447.0,172631.31312999997,Guanfacine,2020,02,2.093845902579839
345,457668.0,630856.7983099992,Atomoxetine hydrochloride,2020,03,1.3784157911630246
346,430953.0,393018.63953,Dexamfetamine sulfate,2020,03,0.9119756435852633
347,4137391.0,3160858.928190001,Methylphenidate hydrochloride,2020,03,0.7639739459456456
348,505711.0,1112605.1239300037,Lisdexamfetamine dimesylate,2020,03,2.2000809235512055
349,98591.0,207015.51466999998,Guanfacine,2020,03,2.0997404902070165
350,92470.0,194041.29624999993,Guanfacine,2020,04,2.098424313290796
351,3634810.0,2775187.422629994,Methylphenidate hydrochloride,2020,04,0.763502747772234
352,464144.0,1025252.0966400041,Lisdexamfetamine dimesylate,2020,04,2.2089095122203544
353,415727.0,588111.2744499999,Atomoxetine hydrochloride,2020,04,1.4146573940350275
354,425360.0,387726.02958999976,Dexamfetamine sulfate,2020,04,0.9115244254043628
355,3407813.0,2616792.9937400003,Methylphenidate hydrochloride,2020,05,0.7678804540448669
356,87262.0,182844.61765000015,Guanfacine,2020,05,2.095352130939013
357,448939.0,993025.0094200014,Lisdexamfetamine dimesylate,2020,05,2.211937500239457
358,396344.0,557799.0693599985,Atomoxetine hydrochloride,2020,05,1.4073609525059
359,402356.0,372121.44044000003,Dexamfetamine sulfate,2020,05,0.9248561980932309
360,465917.0,1028454.817980004,Lisdexamfetamine dimesylate,2020,06,2.207377747495807
361,3571794.0,2732515.135509997,Methylphenidate hydrochloride,2020,06,0.7650259604865223
362,95166.0,199736.85697,Guanfacine,2020,06,2.098825809322657
363,407485.0,573877.19455,Atomoxetine hydrochloride,2020,06,1.408339434703118
364,415562.0,385651.12786999997,Dexamfetamine sulfate,2020,06,0.9280230816821556
365,3654857.0,2803843.6102999784,Methylphenidate hydrochloride,2020,07,0.7671554893392487
366,496306.0,1097961.3750899977,Lisdexamfetamine dimesylate,2020,07,2.2122669786180253
367,429221.0,396057.31451,Dexamfetamine sulfate,2020,07,0.9227351749098949
368,431399.0,595834.0659400019,Atomoxetine hydrochloride,2020,07,1.3811670076657616
369,103825.0,217515.7468000001,Guanfacine,2020,07,2.0950228442090064
370,3291959.0,2513879.873759992,Methylphenidate hydrochloride,2020,08,0.7636425222063798
371,382748.0,531899.8561200007,Atomoxetine hydrochloride,2020,08,1.38968683342565
372,454064.0,1004667.8774400026,Lisdexamfetamine dimesylate,2020,08,2.212612929983444
373,89499.0,187973.78204999998,Guanfacine,2020,08,2.1002891881473533
374,386667.0,355215.92949999974,Dexamfetamine sulfate,2020,08,0.9186610946887108
375,3822560.0,2902855.4593900093,Methylphenidate hydrochloride,2020,09,0.759400888250285
376,520197.0,1144821.0354999944,Lisdexamfetamine dimesylate,2020,09,2.2007451705795966
377,430010.0,583455.8196400002,Atomoxetine hydrochloride,2020,09,1.3568424446873335
378,424215.0,391176.8199000001,Dexamfetamine sulfate,2020,09,0.9221192553304342
379,100552.0,211227.15163999997,Guanfacine,2020,09,2.1006757860609433
380,544190.0,1197377.7438500004,Lisdexamfetamine dimesylate,2020,10,2.20029354425844
381,3911280.0,2978499.0176299997,Methylphenidate hydrochloride,2020,10,0.7615151606711869
382,436313.0,596579.7431799988,Atomoxetine hydrochloride,2020,10,1.3673205776128579
383,108495.0,226343.78438000006,Guanfacine,2020,10,2.0862139672795985
384,432410.0,402849.6949700003,Dexamfetamine sulfate,2020,10,0.931638248352259
385,3831900.0,2901853.4582199967,Methylphenidate hydrochloride,2020,11,0.7572884099846021
386,543343.0,1196517.59825,Lisdexamfetamine dimesylate,2020,11,2.2021404494950705
387,423462.0,575630.2910799985,Atomoxetine hydrochloride,2020,11,1.359343438325041
388,413485.0,384773.84371000016,Dexamfetamine sulfate,2020,11,0.930563004002564
389,108778.0,228118.06298999995,Guanfacine,2020,11,2.097097418503741
390,3968880.0,3022357.2016400136,Methylphenidate hydrochloride,2020,12,0.7615138783838296
391,581507.0,1282756.5815500068,Lisdexamfetamine dimesylate,2020,12,2.205917695831704
392,117745.0,246802.15405999997,Guanfacine,2020,12,2.0960733284640534
393,457639.0,622755.2197399985,Atomoxetine hydrochloride,2020,12,1.3608001497687008
394,443088.0,419502.0128500001,Dexamfetamine sulfate,2020,12,0.946769068108367
395,3779361.0,2868256.4743000166,Methylphenidate hydrochloride,2021,01,0.7589263037587615
396,431837.0,589298.5994700007,Atomoxetine hydrochloride,2021,01,1.3646320242823118
397,560758.0,1235891.705130002,Lisdexamfetamine dimesylate,2021,01,2.2039662477040043
398,420267.0,396022.0656900003,Dexamfetamine sulfate,2021,01,0.9423106398789348
399,112458.0,236878.60069999984,Guanfacine,2021,01,2.106373941382559
400,536878.0,1185198.1210900038,Lisdexamfetamine dimesylate,2021,02,2.2075743857822516
401,3533032.0,2689541.1921899854,Methylphenidate hydrochloride,2021,02,0.7612558256449377
402,402203.0,550431.1202900009,Atomoxetine hydrochloride,2021,02,1.3685405635711343
403,104205.0,219116.52521999978,Guanfacine,2021,02,2.102744832013817
404,404336.0,379517.48584000045,Dexamfetamine sulfate,2021,02,0.9386190837323425
405,4091112.0,3112596.7304899916,Methylphenidate hydrochloride,2021,03,0.7608192419298204
406,122992.0,257947.68089000005,Guanfacine,2021,03,2.097272024928451
407,629855.0,1387607.4610599978,Lisdexamfetamine dimesylate,2021,03,2.203058578656989
408,463470.0,625745.2348800001,Atomoxetine hydrochloride,2021,03,1.3501310438216068
409,458189.0,430342.8700099999,Dexamfetamine sulfate,2021,03,0.9392256689051895
410,3992303.0,3024959.5208100085,Methylphenidate hydrochloride,2021,04,0.7576978803487633
411,622918.0,1372633.332110001,Lisdexamfetamine dimesylate,2021,04,2.2035538098272984
412,454422.0,606766.2797199984,Atomoxetine hydrochloride,2021,04,1.335248468868141
413,454561.0,431958.72912000003,Dexamfetamine sulfate,2021,04,0.9502767046007027
414,121167.0,255001.53275000042,Guanfacine,2021,04,2.104546062459254
415,3922953.0,2977197.9842600334,Methylphenidate hydrochloride,2021,05,0.7589175766979704
416,613185.0,1349447.4236899999,Lisdexamfetamine dimesylate,2021,05,2.2007182558118674
417,433395.0,586011.7251099997,Atomoxetine hydrochloride,2021,05,1.3521423299991917
418,120025.0,252440.93247000012,Guanfacine,2021,05,2.1032362630285366
419,436500.0,411618.94171999954,Dexamfetamine sulfate,2021,05,0.9429987210080173
420,4116056.0,3114566.293730007,Methylphenidate hydrochloride,2021,06,0.7566870552125644
421,657442.0,1446988.2184800121,Lisdexamfetamine dimesylate,2021,06,2.2009366886813013
422,461066.0,628276.0688700015,Atomoxetine hydrochloride,2021,06,1.3626597252237238
423,127737.0,269105.22812999954,Guanfacine,2021,06,2.1067132321097217
424,459600.0,433337.84296,Dexamfetamine sulfate,2021,06,0.9428586661444734
425,454677.0,522050.2603200003,Atomoxetine hydrochloride,2021,07,1.1481782899069015
426,4054349.0,3049737.3000600045,Methylphenidate hydrochloride,2021,07,0.7522138079528932
427,129412.0,273029.4625500001,Guanfacine,2021,07,2.109769283760394
428,665533.0,1467233.9496299836,Lisdexamfetamine dimesylate,2021,07,2.204599846483921
429,461748.0,437386.8910299997,Dexamfetamine sulfate,2021,07,0.9472415495681621
430,3727427.0,2826343.4113900284,Methylphenidate hydrochloride,2021,08,0.7582558723189021
431,441025.0,420156.3865599998,Dexamfetamine sulfate,2021,08,0.9526815635394814
432,440389.0,467305.5737699996,Atomoxetine hydrochloride,2021,08,1.0611199956629245
433,628633.0,1388590.7899600067,Lisdexamfetamine dimesylate,2021,08,2.2089053389815785
434,119492.0,252901.38788000005,Guanfacine,2021,08,2.116471294145215
435,4160160.0,3129750.393099997,Methylphenidate hydrochloride,2021,09,0.7523149093063721
436,465453.0,445591.90350999904,Atomoxetine hydrochloride,2021,09,0.9573295338304814
437,706972.0,1554280.1455200086,Lisdexamfetamine dimesylate,2021,09,2.1985031168419806
438,469025.0,447499.22171999986,Dexamfetamine sulfate,2021,09,0.9541052645807789
439,136896.0,288339.4520899999,Guanfacine,2021,09,2.1062664511015656
440,4043840.0,3042230.84222001,Methylphenidate hydrochloride,2021,10,0.752312367012545
441,443832.0,388727.01750999974,Atomoxetine hydrochloride,2021,10,0.87584270063898
442,703500.0,1546681.9741599932,Lisdexamfetamine dimesylate,2021,10,2.198552912807382
443,452551.0,433129.13864000025,Dexamfetamine sulfate,2021,10,0.9570835964123386
444,130240.0,273875.4726100002,Guanfacine,2021,10,2.1028522159858736
445,4224263.0,3185355.0400500223,Methylphenidate hydrochloride,2021,11,0.7540617239149225
446,742749.0,1635155.5355099963,Lisdexamfetamine dimesylate,2021,11,2.2014913995306573
447,476208.0,375961.41952999926,Atomoxetine hydrochloride,2021,11,0.789489927783656
448,478144.0,459849.4464499998,Dexamfetamine sulfate,2021,11,0.9617384019249428
449,137249.0,288793.67472999997,Guanfacine,2021,11,2.104158680427544
450,785264.0,1730954.480139997,Lisdexamfetamine dimesylate,2021,12,2.2042962368579193
451,4368819.0,3296011.7741500186,Methylphenidate hydrochloride,2021,12,0.7544399926273024
452,468452.0,459747.3046400002,Dexamfetamine sulfate,2021,12,0.9814181701433663
453,499435.0,369213.2231199996,Atomoxetine hydrochloride,2021,12,0.7392618120876582
454,151233.0,318491.5845900004,Guanfacine,2021,12,2.105966188530284
455,4307197.0,3232386.5396800563,Methylphenidate hydrochloride,2022,01,0.7504617364100263
456,784154.0,1729064.918630005,Lisdexamfetamine dimesylate,2022,01,2.205006820892331
457,146971.0,311228.77618000004,Guanfacine,2022,01,2.1176203208796296
458,499282.0,484911.5227700003,Dexamfetamine sulfate,2022,01,0.9712177141775595
459,483618.0,346997.7212600008,Atomoxetine hydrochloride,2022,01,0.7175037348899354
460,3957308.0,2988337.4380100183,Methylphenidate hydrochloride,2022,02,0.7551440115376459
461,458062.0,301013.93554000015,Atomoxetine hydrochloride,2022,02,0.6571467083931872
462,747822.0,1651069.327019983,Lisdexamfetamine dimesylate,2022,02,2.207837328963287
463,136810.0,288960.5574300001,Guanfacine,2022,02,2.1121303810393983
464,453040.0,446509.59532,Dexamfetamine sulfate,2022,02,0.9855853684442876
465,4633627.0,3472689.3605700172,Methylphenidate hydrochloride,2022,03,0.7494537994901224
466,883416.0,1945231.3209099937,Lisdexamfetamine dimesylate,2022,03,2.2019425965909534
467,158366.0,334162.9782299996,Guanfacine,2022,03,2.1100676801207303
468,518136.0,328217.45456,Atomoxetine hydrochloride,2022,03,0.6334581163246715
469,520460.0,506729.3290600004,Dexamfetamine sulfate,2022,03,0.9736182013219083
470,4291677.0,3240604.737079993,Methylphenidate hydrochloride,2022,04,0.755090547839456
471,500528.0,494693.24780000024,Dexamfetamine sulfate,2022,04,0.9883428055972897
472,878693.0,1936813.872319994,Lisdexamfetamine dimesylate,2022,04,2.2041985907706034
473,492468.0,293185.1950400008,Atomoxetine hydrochloride,2022,04,0.5953385703030466
474,149392.0,316078.54691999994,Guanfacine,2022,04,2.115766218539145
475,4601512.0,3509326.7714300277,Methylphenidate hydrochloride,2022,05,0.762646445653087
476,936616.0,2062845.2863400127,Lisdexamfetamine dimesylate,2022,05,2.2024450642953064
477,161879.0,342402.13067000016,Guanfacine,2022,05,2.1151732508231467
478,508692.0,295895.1875500004,Atomoxetine hydrochloride,2022,05,0.5816784764651309
479,529051.0,522433.20609999914,Dexamfetamine sulfate,2022,05,0.9874911985800975
480,963443.0,2096657.6096599977,Lisdexamfetamine dimesylate,2022,06,2.1762134445525034
481,4612394.0,3543984.50336,Methylphenidate hydrochloride,2022,06,0.7683611814949026
482,155258.0,328064.6053099999,Guanfacine,2022,06,2.113028670406677
483,514849.0,283395.97502999974,Atomoxetine hydrochloride,2022,06,0.5504448392247042
484,528205.0,526214.1997700005,Dexamfetamine sulfate,2022,06,0.9962310083584982
